Metadata.Utils,0.0476351176781
OPeNDAPps.config,0.107563764955
Catalog.CatalogServiceCommandLineClient,0
Workflow.WorkflowInstancerepository.factories,0.37414226196
Catalog.Utilities,0.0574586234619
Workflow.Workflowlifecyclereader,0.194895357874
Commons.DateUtils,0
PushPull.FileRestriction,0.111004230325
XMLPS.QueryParser,0.244464746726
ResourceManager.NodeRepository,0.235398337102
OPeNDAPps.util,0.0795172699936
PushPull.Protocol.factories,0.274714490826
Workflow.ScriptFile,0
Workflow.engine.structs.factories,0.446450546517
ResourceManager.JobExceptions,0.841565440149
WebAppFileManagerProductRSSHandling,0.220510388239
FileMgr.Metadata-BasedProductMover,0.369754141073
Workflow.WorkflowInstancerepository,0.297982773463
FileMgr.tools.DumpDbElementsToXml,0
Catalog.XmlRpcServer,0.267444685176
Product.OFSNFileHandler,0.0827291043293
WebAppFileManagerProductProductData,0.308727301103
XMLPS.Helper,0.0864334353575
Commons.StorageService,0.239043881967
Curation.OtherUtils,0.0475996434274
OPeNDAPps.OpendapProfileElementExtractor,0
Crawler.Command_Line_Crawler_Options_Handlers,0.479156749968
FileMgr.Catalog,0.211740213513
FileMgr.tools.ProductTypeDocTool,0
Catalog.CatalogServiceServerAction,0.390539120232
Commons.ActivityException,0
Catalog.IngesterMappers,0.210579762199
Commons.CmdLineOptionValidator,0.480369786798
FileMgr.Versioning,0.338310810636
WebGrid.Login,0
ResourceManager.JobRepository,0.355402277898
Product.OFSNMetKeys,0
WebGrid.ProductQueryWebInterface,0.314092864423
Commons.IOStreams,0.286804656681
FileManagerBrowser.Model,0.0923865878759
Crawler.Utilities,0.0876222151937
Commons.XMLRPC,0.0955622341873
Catalog.QueryPager,0.260267662156
XMLPS.XMLPSHandler,0.338611266887
Metadata.Metadata,0.101301722782
ResourceManager.structs,0.245886155884
ProfileServer.Profile,0.190578052021
PushPull.AccessHandler,0.568095692604
Catalog.RmiClient,0.182217999378
PushPull.Protocol.local,0
Workflow.Workflowengine,0.280733119475
FileMgr.validation,0.373916003934
Commons.Net,0
FileMgr.UtilityClasses,0.123272871318
ProfileServer.Lightweight,0.121473867262
FileMgr.ExpImpCatalog,0
FileManagerBrowser.MainView,0.00992376503822
ResourceManager.Objectmarshaller,0.0473806909176
FileMgr.MetadataDumper,0
ResourceManager.QueueRepository.factories,0.238092280219
FileMgr.CacheandIngest,0.212085839867
Commons.OtherUtils,0.0401088146686
FileMgr.system.auth,0.0466653721531
Product.OtherHandlers,0.275482605272
ResourceManager.UlimitAPI,0.188157558629
SharedWorkflowExceptions,0.480397142091
PushPull.Config,0.147628483683
PushPull.Expressions(Josh),0.124128652749
PushPull.Exceptions(Josh),0.648462987627
Commons.database.DatabaseConnectionBuilder,0
XMLPS.CDEstruct,0.509441604298
ResourceManager.BatchManager.factories,0.148979023987
PCS.PGEConfigurationrepresentation,0.203327698509
ResourceManager.Jobsubmittertool,0
Catalog.CatalogServiceLocal,0.584286909166
Commons.database.SQLScript,0
XMLPS.Function,0.154447505899
PushPull.ExpressionValidator,0
Catalog.QueryFiltering,0.116120073034
ResourceManager.JobMonitor,0.167568565422
WebAppFileManagerProduct.ProductRDFHandling,0.211228757687
ResourceManager.XML-RPCResourceManagerClient,0
Commons.JNDIUtils,0.334586862316
Product.OODTMetKeys,0
Crawler.CrawlerLauncher,0
CASPGE.config,0.114026537937
FileMgr.system.XmlRpcFileManagerClient,0
Catalog.CommChannelBaseClient,0.197801255539
FileManagerBrowser.ViewPanels,0.159991328229
Catalog.Dictionary,0.197987557931
PCS.XMLWriter,0.226427104225
FileMgr.Validation,0.3255723537
FileMgr.Exceptions,0.448575632209
Curation.SSOConfiguratedCuratorWebService,0.310429207851
Metadata.PreConditionOperatorMetKeys,0
Commons.Pagination,0
Workflow.XMLPackager,0.413884607144
Workflow.RPCWorkflowManagerSystemInterface,0.293827136345
ProfileServer.Handlers,0.175036049905
Product.OFSNXMLMetKeys,0
SSO,0.110429465901
PushPull.Protocol.http,0.411187641791
Commons.Spring,0.0942079430768
SharedUtilitiesComponent,0.155746477797
PushPull.Protocol,0.302797348209
Catalog.CatalogRepositories,0.289404741529
PushPull.RetrivalMethod,0.217670069113
Commons.TimeEvent,0.398469844342
ProfileServer,0.266702379395
Catalog.CommChannelBaseServer,0.162082693121
Commons.SQLDatabaseRetrieval,0.119376436122
CASPGE.metadata,0.140658215344
FileMgr.structs.query.filter,0.505663120074
Crawler.CrawlerDaemonController,0
Workflow.Metadatareader,0.247007291886
ProfileServer.GUI,0.274567508759
FileMgr.Query,0.106377189295
Catalog.PrintSupportedServersHandler,0
FileMgr.QueryTool,0
Product.xmlquery,0.112324299922
Catalog.QueryParser,0.0580798026456
Curation.IngestionTaskStructures,0.0834150417456
ResourceManager.JobSpecQueueing.factories,0.241752007122
PushPull.Protocol.sftp,0
Workflow.WorkflowInstance,0.313607960308
FileMgr.XmlRpcFileMgrBrowser,0
Crawler.ProductCrawler,0.122778175001
Workflow.Workflowrepository,0.605733956625
WebAppFileManagerProductCasProductHandler,0.163140100428
ResourceManager.JobRepository.factories,0.286916614192
CASPGE.PGETask,0.263950940178
Workflow.structs,0.194469751223
Product.Filehandlerconfiguration,0.455147601561
SharedWorkflowDataStructures,0.409716158239
Metadata.MetExtractor,0.0907551409129
Commons.DatagramLogger,0.343599237133
Metadata.MetExtractor.extractors,0.186038731669
WorkflowLifecycleStage,0
ResourceManager.AssignmentMonitor,0
Catalog.Exceptions,0.827202745211
CASPGE.Dateversionconverter,0
Commons.CommandLineOptionHandling,0.368533019105
ResourceManager.JobMonitor.factories,0.242272563117
ResourceManager.Scheduler,0.22129471814
WebGrid.ProductServer,0.59248653152
Catalog.CatalogServiceClient,0.287872320053
ResourceManager.RPCBatchStub,0
ResourceManager.QueueManager,0.39155388807
FileMgr.structs.type.examples,0
ResourceManager.JobSpecQueueing,0.157062313501
ResourceManager.RunDirJobSubmitter,0
FileMgr.tools.OptimizeLuceneCatalog,0
Workflow.Workflowrepository.factories,0.288874875747
ResourceManager.JobInstance,0.31245446784
FileMgr.DeleteProduct,0
Workflow.Lifecycle,0.639536615455
FileMgr.metadata.extractors,0.254655058207
Commons.ActivityUtils,0.211734629879
FileManagerBrowser.Controller,0.162151375432
Catalog.RmiServer,0
FileMgr.repository,0.302054122793
OPeNDAPps.DapNames,0
WebGrid.ProfileQueryWebInterface,0
FileMgr.datatransfer,0.35802825339
Curation.CuratorLuceneCatalog,0.313120632516
Catalog.CatalogBase,0.231732114505
Commons.MultiServer,0.0801505624335
Product.OFSNXMLConfigMetKeys,0
PushPull.FileRestriction.parsers,0.223711564527
Catalog.QueryExpression,0.225045250625
OPeNDAPps.Main,0.220787718109
PushPull.RetrievalSystem,0.185617344042
FileMgr.structs.type,0
PushPull.Protocol.ftp,0.71886870387
FileMgr.CatalogSearch,0
FileMgr.structs,0.0790483114986
PushPull.FileRestriction.renamingcovention,0
ResourceManager.Scheduler.factories,0.151403731538
Commons.ExecServerConfig,0.0159545029525
WebGrid.ProfileServer,0
FileMgr.ProductDumper,0
Curation.MainCurationService,0.0673808589695
Crawler.Exceptions,0.249592375657
CASPGE.writers,0.199463379455
FileManagerBrowser.ViewPrompts,0.28499188525
WebGrid.Configuration,0.181860185294
FileMgr.ingest,0.327729500535
Product.Handlerconfig,0
Catalog.TermsandBuckets,0.224388831855
FileMgr.system.XmlRpcFileManager,0
FileMgr.metadata,0.202219129805
Commons.ProgramExecution,0.087885357319
XMLPS.Mapping,0.117043749755
FileMgr.tools.CASAnalyzer,0
ProfileServer..pstructs,0.490431832596
Commons.LogInitializer,0.167777148546
Commons.ActivityTrackingandFactories,0.316950480959
Catalog.DataSourceIndex,0.160437051433
Commons.ConfiguredTestCase,0
ProfileServer.Activity,0.341191856785
FileManagerBrowser.ViewMenus,0.516526344706
PCS.XMLReader,0
WebGrid.ConfigurationWebInterface,0.0909962767282
Metadata.PreConditionComparator,0.323275087966
Commons.XMLUtils,0.378027829847
Workflow.Conditionslibrary,0.278429915789
ResourceManager.XML-RPCResourceManagerCore,0.010554827716
Metadata.MetExtractor.exceptions,0.350888666348
ResourceManager.NodeRepository.factories,0.275214181183
ResourceManager.QueueRepository,0.264550528152
Catalog.XmlRpcClient,0.336589435371
Commons.LoggingUtils,0.205719576656
Commons.Configuration,0
PushPull.Protocol.imaps,0
PushPull.daemon,0.206209902512
ResourceManager.BatchManager,0.222035478993
