Metadata.Utils,match
OPeNDAPps.config,match
Catalog.CatalogServiceCommandLineClient,miss
Workflow.WorkflowInstancerepository.factories,match
Catalog.Utilities,match
Workflow.Workflowlifecyclereader,match
Commons.DateUtils,miss
PushPull.FileRestriction,match
XMLPS.QueryParser,match
ResourceManager.NodeRepository,match
OPeNDAPps.util,match
PushPull.Protocol.factories,match
Workflow.ScriptFile,match
Curation.OtherUtils,match
Catalog.CommChannelBaseServer,match
Workflow.engine.structs.factories,match
ResourceManager.JobExceptions,miss
WebAppFileManagerProductRSSHandling,match
FileMgr.Metadata-BasedProductMover,miss
Workflow.WorkflowInstancerepository,match
FileMgr.tools.DumpDbElementsToXml,match
Catalog.XmlRpcServer,match
FileMgr.structs.query.filter,miss
WebGrid.Configuration,match
XMLPS.Helper,match
Commons.StorageService,match
WorkflowLifecycleStage,miss
OPeNDAPps.OpendapProfileElementExtractor,match
Crawler.Command_Line_Crawler_Options_Handlers,match
FileMgr.Catalog,match
FileMgr.tools.ProductTypeDocTool,match
Catalog.CatalogServiceServerAction,match
Commons.ActivityException,miss
Catalog.IngesterMappers,match
Commons.CmdLineOptionValidator,match
FileMgr.Versioning,match
WebGrid.Login,miss
ResourceManager.JobRepository,miss
CASPGE.metadata,match
Product.OFSNMetKeys,miss
WebGrid.ProductQueryWebInterface,match
Commons.IOStreams,match
FileManagerBrowser.Model,match
Crawler.Utilities,match
Commons.XMLRPC,match
Catalog.QueryPager,match
XMLPS.XMLPSHandler,match
Metadata.Metadata,match
ResourceManager.structs,match
ProfileServer.Profile,match
PushPull.AccessHandler,match
Catalog.RmiClient,miss
PushPull.Protocol.local,miss
FileMgr.validation,match
Commons.Net,match
FileMgr.UtilityClasses,match
ProfileServer.Lightweight,match
ResourceManager.JobMonitor,match
FileMgr.ExpImpCatalog,match
FileMgr.tools.OptimizeLuceneCatalog,match
ResourceManager.Objectmarshaller,miss
FileMgr.MetadataDumper,miss
ResourceManager.QueueRepository.factories,miss
FileMgr.CacheandIngest,match
Commons.OtherUtils,match
FileMgr.system.auth,match
Product.OtherHandlers,match
ResourceManager.UlimitAPI,match
SharedWorkflowExceptions,miss
Commons.Spring,match
PushPull.Exceptions(Josh),miss
Commons.database.DatabaseConnectionBuilder,miss
XMLPS.CDEstruct,match
WebAppFileManagerProductProductData,match
ResourceManager.BatchManager.factories,miss
PCS.PGEConfigurationrepresentation,match
ResourceManager.Jobsubmittertool,match
Catalog.CatalogServiceLocal,miss
Commons.database.SQLScript,match
XMLPS.Function,match
Catalog.QueryFiltering,match
FileManagerBrowser.MainView,miss
WebAppFileManagerProduct.ProductRDFHandling,match
ResourceManager.XML-RPCResourceManagerClient,match
Commons.JNDIUtils,match
Product.OODTMetKeys,miss
Crawler.CrawlerLauncher,match
CASPGE.config,match
FileMgr.system.XmlRpcFileManagerClient,miss
Catalog.CommChannelBaseClient,miss
FileManagerBrowser.ViewPanels,match
Catalog.Dictionary,match
PCS.XMLWriter,match
FileMgr.Validation,miss
FileMgr.Exceptions,miss
Curation.SSOConfiguratedCuratorWebService,match
Metadata.PreConditionOperatorMetKeys,miss
Commons.Pagination,match
Workflow.XMLPackager,match
Workflow.RPCWorkflowManagerSystemInterface,match
ProfileServer.Handlers,match
Product.OFSNXMLMetKeys,miss
SSO,match
PushPull.Protocol.http,match
SharedUtilitiesComponent,match
PushPull.Protocol,match
Catalog.CatalogRepositories,match
PushPull.RetrivalMethod,miss
Commons.TimeEvent,miss
ProfileServer,match
Commons.XMLUtils,match
Commons.SQLDatabaseRetrieval,match
ResourceManager.AssignmentMonitor,match
PushPull.Config,match
Workflow.Workflowengine,match
Crawler.CrawlerDaemonController,match
Workflow.Metadatareader,match
ProfileServer.GUI,match
FileMgr.Query,match
Catalog.PrintSupportedServersHandler,miss
FileMgr.QueryTool,miss
Product.xmlquery,match
Catalog.QueryParser,match
Curation.IngestionTaskStructures,match
ResourceManager.JobSpecQueueing.factories,miss
PushPull.Protocol.sftp,miss
Workflow.WorkflowInstance,match
FileMgr.XmlRpcFileMgrBrowser,miss
Crawler.ProductCrawler,match
Workflow.Workflowrepository,match
WebAppFileManagerProductCasProductHandler,match
ResourceManager.JobRepository.factories,miss
CASPGE.PGETask,match
Workflow.structs,match
Product.Filehandlerconfiguration,match
SharedWorkflowDataStructures,match
Metadata.MetExtractor,miss
Commons.DatagramLogger,miss
Metadata.MetExtractor.extractors,match
Product.OFSNFileHandler,match
Catalog.Exceptions,miss
CASPGE.Dateversionconverter,match
Commons.CommandLineOptionHandling,match
ResourceManager.JobMonitor.factories,miss
ResourceManager.Scheduler,match
WebGrid.ProductServer,match
Catalog.CatalogServiceClient,match
ResourceManager.RPCBatchStub,match
ResourceManager.QueueManager,match
FileMgr.structs.type.examples,match
ResourceManager.JobSpecQueueing,miss
ResourceManager.RunDirJobSubmitter,miss
Workflow.Workflowrepository.factories,miss
ResourceManager.JobInstance,miss
FileMgr.DeleteProduct,match
Workflow.Lifecycle,match
FileMgr.metadata.extractors,match
Workflow.factories,miss
Commons.ActivityUtils,match
FileManagerBrowser.Controller,match
Catalog.RmiServer,miss
FileMgr.repository,match
OPeNDAPps.DapNames,miss
WebGrid.ProfileQueryWebInterface,match
FileMgr.datatransfer,match
Curation.CuratorLuceneCatalog,match
Catalog.CatalogBase,match
Commons.MultiServer,miss
Product.OFSNXMLConfigMetKeys,miss
PushPull.FileRestriction.parsers,match
Catalog.QueryExpression,match
OPeNDAPps.Main,match
PushPull.RetrievalSystem,match
FileMgr.structs.type,match
PushPull.Protocol.ftp,miss
FileMgr.CatalogSearch,miss
FileMgr.structs,match
PushPull.FileRestriction.renamingcovention,match
ResourceManager.Scheduler.factories,match
Commons.ExecServerConfig,match
WebGrid.ProfileServer,match
FileMgr.ProductDumper,miss
Curation.MainCurationService,match
Crawler.Exceptions,miss
CASPGE.writers,match
FileManagerBrowser.ViewPrompts,miss
PushPull.ExpressionValidator,miss
FileMgr.ingest,match
Product.Handlerconfig,match
Catalog.TermsandBuckets,match
FileMgr.system.XmlRpcFileManager,match
FileMgr.metadata,match
Commons.ProgramExecution,match
XMLPS.Mapping,match
FileMgr.tools.CASAnalyzer,match
ProfileServer..pstructs,match
Commons.LogInitializer,match
Commons.ActivityTrackingandFactories,miss
Catalog.DataSourceIndex,match
Commons.ConfiguredTestCase,match
ProfileServer.Activity,miss
FileManagerBrowser.ViewMenus,match
PCS.XMLReader,match
WebGrid.ConfigurationWebInterface,match
Metadata.PreConditionComparator,miss
PushPull.Expressions(Josh),match
Workflow.Conditionslibrary,match
ResourceManager.XML-RPCResourceManagerCore,match
Metadata.MetExtractor.exceptions,miss
ResourceManager.NodeRepository.factories,miss
ResourceManager.QueueRepository,match
Catalog.XmlRpcClient,match
Commons.LoggingUtils,match
Commons.Configuration,miss
PushPull.Protocol.imaps,match
PushPull.daemon,match
ResourceManager.BatchManager,miss
